"date","MID","OEX","GSPC"
631497600,109.13,329.55,352.2
632102400,105.12,318.66,339.93
632707200,104.46,319.62,339.15
633312000,100,305.62,325.8
633916800,101.19,308.97,330.92
634521600,103.33,312.71,333.62
635126400,103.54,311.68,332.72
635731200,101.14,304.4,324.15
636336000,103.77,315.66,335.54
636940800,105.28,318.13,337.93
637545600,106.01,322.94,341.91
638150400,104.69,318.55,337.22
638755200,104.59,320.03,339.94
639360000,103.79,320.89,340.08
639878400,104.7,325.09,344.34
640569600,102.36,319.99,335.12
641174400,99.99,312.48,329.11
641779200,102.03,320.65,338.39
642384000,105.33,333.86,352
642988800,107.19,336.95,354.64
643593600,108.35,336.77,354.58
644198400,110.72,344.86,363.16
644803200,110.24,339.85,358.71
645408000,111.48,346.47,362.91
646012800,109.83,338.41,355.43
646617600,109.79,339.8,358.02
647222400,110.23,339.63,358.42
647827200,112.63,348.89,367.31
648432000,110.56,345.33,361.61
649036800,107.56,336.26,353.44
649641600,102.36,328.56,344.86
650246400,100.57,319.38,335.52
650851200,98.11,310.38,327.83
651456000,91.91,296.68,311.51
652060800,95.69,306.4,322.56
652665600,96.87,306.8,323.4
653270400,95.35,301.3,316.83
653875200,92.67,296.8,311.32
654480000,89.62,291.46,306.05
655084800,90.32,295.47,311.5
655689600,85.95,284.23,300.03
656294400,88.45,300.1,312.48
656899200,87.9,289.84,304.71
657504000,88.68,297.02,311.85
658108800,89.68,298.65,313.74
658713600,92.23,302.46,317.12
659318400,91.9,299.83,315.1
659923200,94.74,305.73,322.22
660528000,98.56,309.37,327.75
661132800,98.03,307.56,326.82
661737600,99.27,312.16,331.75
662342400,99.58,309.44,328.72
662947200,97.97,302.56,321
663552000,96.35,296.47,315.23
664156800,99.97,314.99,332.23
664761600,103.5,317.08,336.07
665366400,108.55,324.49,343.05
665971200,113.55,339.73,359.35
666576000,116.42,349.79,369.06
667180800,115.9,346.41,365.65
667785600,117.92,351.47,370.47
668390400,121.19,355.12,374.95
668995200,118.65,355.88,373.59
669600000,118.17,347.84,367.48
670118400,122.17,355.43,375.22
670809600,124.57,354.01,375.36
671414400,125.53,359.73,380.4
672019200,126.15,365.1,384.2
672624000,123.7,358.91,379.02
673228800,124,360.54,380.8
673833600,123.66,355.78,375.74
674438400,120.91,354.34,372.39
675043200,123.23,358.64,377.49
675648000,127.25,370.13,389.83
676252800,126.03,359.61,379.43
676857600,125.19,364.28,382.29
677462400,123.35,360.53,377.75
678067200,120.57,353.11,371.16
678672000,121.26,355.68,374.08
679276800,125.16,362.42,380.25
679881600,126.81,368.19,384.22
680486400,125.2,364,380.93
681091200,128.31,369.21,387.18
681696000,128.4,367.44,387.12
682300800,129.18,364.78,385.58
682905600,131.03,372.23,394.17
683510400,131.94,373.49,395.43
684115200,129.3,367.64,389.1
684720000,128.18,362.85,383.59
685324800,130.29,364.55,387.92
685929600,130.46,362.63,385.9
686534400,130.15,357.34,381.25
687139200,128.72,358.5,381.45
687744000,134.15,369.37,392.5
688348800,131.19,360.76,384.2
688953600,135.89,366.17,391.32
689558400,136.8,367.43,392.89
690163200,134.29,355.56,382.62
690768000,132.01,352.25,376.14
691372800,131.34,352.01,375.22
691977600,134.42,354.16,379.1
692582400,134.75,359.02,384.47
693187200,133.89,362.61,387.04
693792000,142.74,377.41,406.46
694396800,147.17,388.88,419.34
695001600,149.7,385.75,415.1
695606400,151.83,392.83,418.86
696211200,150.15,386.73,415.48
696816000,148.97,380.21,408.78
697420800,152.34,382.46,411.09
698025600,152.57,384.27,412.48
698630400,151.51,385.82,411.43
699235200,151.03,384.91,412.7
699840000,146.86,378.02,404.44
700444800,147.3,379.66,405.84
701049600,148.21,384.18,411.3
701654400,145.58,378.67,403.5
702259200,142.42,376.96,401.55
702864000,143.06,379.82,404.29
703382400,144.26,391.01,416.04
704073600,140.47,383.12,409.02
704678400,142.8,387.48,412.53
705283200,144.34,390.43,416.05
705888000,142.56,386.43,410.09
706492800,143.2,390.22,414.02
707097600,144.2,390.84,415.35
707702400,144.29,389.98,413.48
708307200,141.19,387.35,409.76
708912000,137.25,382.92,403.67
709516800,136.13,380.38,403.45
710035200,141.13,385.32,411.77
710726400,142.29,386.78,414.62
711331200,142.97,387.74,415.62
711936000,142.08,384.29,411.6
712540800,146.54,395.81,424.21
713145600,144.77,389.77,418.88
713750400,144.4,392.44,419.91
714355200,143.17,384.24,414.85
714960000,142.69,385.38,414.84
715564800,144.43,386,417.08
716169600,145.79,388.63,419.58
716774400,146.43,392.3,422.93
717379200,143.57,382.05,414.35
717984000,142.04,376.7,410.47
718588800,140.94,368.57,402.66
719193600,143.48,377.36,411.73
719798400,145.83,379.17,414.1
720403200,147.7,382.61,418.68
721008000,149.6,380.24,417.58
721612800,152.73,383.33,422.43
722217600,153.27,389.03,426.65
722822400,154.81,391.67,430.16
723427200,156.74,393.3,432.06
724032000,156.33,396.16,433.73
724636800,157.66,403.4,441.28
725155200,157.37,401.42,439.77
725760000,160.56,396.64,435.71
726451200,157.43,389.93,429.05
727056000,161.69,397.17,437.15
727660800,162.9,396.75,436.11
728265600,162.35,401.57,438.78
728870400,165.32,409.39,448.93
729475200,162.8,406.26,444.58
730080000,157.05,400.2,434.22
730684800,159.77,407.66,443.38
731289600,162.4,410.27,446.11
731894400,163.48,412.67,449.83
732499200,162.59,415.83,450.18
733104000,162.7,412.44,447.78
733708800,160.74,408.25,441.39
734227200,159.62,410.87,441.84
734918400,161.3,416.07,448.94
735523200,158.92,404.44,437.03
736128000,160.45,407.12,440.19
736732800,163.25,407.98,442.31
737337600,162.16,405.79,439.56
737942400,165.23,412.51,445.84
738547200,167.42,417.56,450.19
739152000,165.67,418.03,450.06
739756800,163.55,417.37,447.26
740361600,163.45,412.92,443.68
740966400,165.43,415.29,447.6
741571200,167.98,411.69,445.84
742176000,167.42,413.75,448.11
742780800,166.09,412.66,445.75
743385600,164.89,413.96,447.1
743990400,167.44,414.41,448.13
744595200,169.01,415.21,448.68
745200000,169.32,416.6,450.14
745804800,172.1,422.63,456.16
746409600,172.59,426.33,460.54
747014400,174.37,425.05,461.34
747619200,172.84,425.7,461.72
748224000,171.44,424.27,458.83
748828800,173.87,421.76,457.63
749433600,175.73,423.86,461.28
750038400,174.01,422.63,460.31
750643200,177.84,429.32,469.5
751248000,173.86,424.15,463.27
751852800,175.91,428.19,467.83
752457600,171.37,422.35,459.57
753062400,175.79,427.76,465.39
753667200,171.95,429.07,462.6
754272000,172.52,427.84,463.06
754876800,175.36,427.47,464.89
755481600,174.42,428,463.93
756086400,174.96,431.97,466.38
756604800,175.13,431.6,467.38
757296000,179.38,429.46,466.45
757900800,178.8,434.01,469.9
758505600,180.3,440.1,474.91
759110400,179.81,440.77,474.72
759715200,182.05,443.02,478.7
760320000,179.03,435.57,469.81
760924800,179.64,437.4,470.18
761529600,180.03,435.92,467.69
762134400,179.06,433.32,466.07
762739200,180.5,431.68,464.74
763344000,180.98,432.74,466.44
763948800,184.79,436.31,471.06
764553600,180.4,425.97,460.58
765072000,171.72,412.33,445.77
765763200,173.67,412.74,447.1
766368000,171.49,411.31,446.18
766972800,170.33,412.35,447.63
767577600,172.73,415.1,450.91
768182400,171.13,413.73,447.82
768787200,165.93,411.56,444.14
769392000,169.96,423.45,454.92
769996800,170.92,424.42,457.33
770601600,173.16,426.28,460.13
771206400,171.28,424.05,458.67
771811200,170.19,424.07,458.45
772416000,162.44,409.93,442.8
773020800,165.33,412.39,446.2
773625600,166.63,416.01,449.55
774230400,170.14,421.69,454.16
774835200,168.74,420.65,453.11
775440000,169.91,425.11,458.26
776044800,169.97,423.17,457.09
776649600,172.7,426.62,461.94
777254400,174.35,428.71,463.68
777859200,177.8,438.12,473.8
778464000,176.52,434.82,470.99
779068800,176.14,433.13,468.18
779673600,177.85,438.21,471.19
780278400,172.8,426.55,459.67
780883200,174.85,428.12,462.71
781488000,171.55,421.56,455.1
782092800,175.12,434.76,469.1
782697600,173.57,430.92,464.89
783302400,176.91,439.28,473.77
783907200,174.22,429.26,462.28
784512000,172.2,430.47,462.35
785116800,171.22,430.76,461.47
785721600,167.45,421.47,452.29
786326400,166.73,422.04,453.3
786931200,162.66,417.39,446.96
787536000,166.21,429.53,458.8
788140800,168.48,429.83,459.83
788745600,169.44,428.63,459.27
789350400,169.43,429.46,460.68
789955200,171.05,433.23,465.97
790560000,171.48,431.38,464.78
791164800,171.46,435.82,470.39
791769600,175.39,444.23,478.65
792374400,178.35,446.32,481.46
792979200,177.29,448.62,481.97
793584000,178.66,455.83,488.11
794188800,179.17,453.3,485.42
794793600,179.26,459.39,489.57
795398400,180.16,464.85,495.52
796003200,182,469.98,500.97
796608000,182.37,469.67,500.71
797212800,182.54,474.66,506.42
797731200,185.25,478.81,509.23
798422400,183.19,482.31,508.49
799027200,185.82,487.67,514.71
799632000,185.12,493.64,520.12
800236800,188.57,499.93,525.55
800841600,188.01,493.33,519.19
801446400,189.55,496.71,523.65
802051200,191.44,506.36,532.51
802656000,191.63,501.57,527.94
803260800,195.76,515.29,539.83
803865600,199.5,524.71,549.71
804470400,197.37,518,544.75
805075200,202.94,530.07,556.37
805680000,205.35,533.5,559.89
806284800,200.88,529.52,553.62
806889600,207.1,535.63,562.93
807494400,204.83,529.6,558.94
808099200,205.76,525.95,555.11
808704000,210.7,527.95,559.21
809308800,209.86,528.17,560.1
809913600,211.21,532.89,563.84
810518400,216.85,540.35,572.68
811123200,216.69,553.73,583.35
811728000,216.35,553.46,581.73
812332800,215.7,556.09,584.41
812937600,211.4,555.24,582.49
813542400,213.04,557.04,584.5
814147200,213.83,561.2,587.46
814752000,209.1,553.96,579.7
815356800,216.22,561.89,590.57
815961600,216.38,564.76,592.72
816566400,215.47,573.99,600.07
817171200,214.02,573.9,599.97
817776000,217.63,579.96,606.98
818380800,217.83,590.08,617.48
818985600,212.49,590.51,616.34
819590400,215.1,584.37,611.95
820195200,217.84,585.92,615.93
820800000,215.08,589.16,616.71
821404800,210.37,574.93,601.81
822009600,212.87,584.31,611.83
822614400,216.57,595.61,621.62
823219200,221.3,609.12,635.84
823824000,226.16,629.38,656.37
824428800,227.46,620.5,647.98
825033600,230.4,634.69,659.08
825638400,225.8,621,644.37
826243200,224.38,609.31,633.5
826848000,229.22,620.73,641.43
827452800,230.35,628.37,650.62
828057600,230.3,622.2,645.5
828576000,232.07,633.56,655.86
829267200,227.09,615.36,636.71
829872000,230.76,622.36,645.07
830476800,237.26,629.58,653.46
831081600,235.07,618.06,641.63
831686400,236.68,627.94,652.09
832291200,241.59,645.45,668.91
832896000,241.88,654.8,678.51
833500800,239.89,646.02,669.12
834105600,239.68,650.01,673.31
834710400,238.56,642.32,665.85
835315200,234.96,646.17,666.84
835920000,236,647.53,670.63
836524800,231.84,633.38,657.44
837129600,224.61,623.49,646.19
837734400,221.66,616.72,638.73
838339200,219.78,613,635.9
838944000,227.1,639.61,662.49
839548800,228.34,639.67,662.1
840153600,231.11,644.5,665.21
840758400,232.84,645.11,667.03
841363200,232.13,629.62,651.99
841968000,231.85,632.77,655.68
842572800,237.77,656.9,680.54
843177600,239.6,665.39,687.03
843782400,242.27,661.08,686.19
844387200,245.68,676.97,701.46
844992000,244.2,677.3,700.66
845596800,245.89,690,710.82
846201600,243.44,676.72,700.92
846806400,242.43,679.49,703.77
847411200,248.95,707.74,730.82
848016000,252.53,712.59,737.62
848620800,254.97,723.11,748.73
849225600,255.61,733.39,757.02
849830400,253.45,717.33,739.6
850435200,249.64,705.84,728.64
851040000,253.06,728.87,748.87
851644800,254.75,736.64,756.79
852249600,255.67,729.99,748.03
852854400,261.22,744.94,759.5
853459200,264.74,762.15,776.17
854064000,262.63,754.68,770.52
854668800,264.89,771.8,786.16
855273600,264.02,772.01,789.56
855878400,269.05,787.39,808.48
856483200,265.05,781,801.77
857088000,262.36,768.54,790.82
857692800,266.42,780.29,804.97
858297600,264.27,767.32,793.17
858902400,259.92,763.19,784.1
859420800,257.76,754.24,773.88
860112000,252.06,737.02,757.9
860716800,248.94,715.41,737.65
861321600,251.92,746.85,766.34
861926400,248.04,748.12,765.37
862531200,263.83,795.42,812.97
863136000,267.76,808.47,824.78
863740800,269.44,812.56,829.75
864345600,275.6,831.95,847.03
864950400,279.16,826.7,848.28
865555200,281.99,837.16,858.01
866160000,287.65,869.94,893.27
866764800,290,876.47,898.7
867369600,287.52,863.98,887.3
867888000,293.88,893.62,916.92
868579200,299.91,893.59,916.68
869184000,303.6,895.86,915.3
869788800,307.76,917.82,938.79
870393600,313.93,923.26,947.14
870998400,311.89,909.33,933.54
871603200,307.36,869.36,900.81
872208000,311.74,896.91,923.54
872812800,313.97,868.94,899.47
873417600,321.99,901.45,929.05
874022400,325.91,894.94,923.91
874627200,332.54,916.46,950.51
875232000,329.88,913.62,945.22
875836800,336,928.2,965.03
876441600,338.56,930.69,966.98
877046400,330.11,904.94,944.16
877651200,329.48,896.59,941.64
878256000,316.89,873.43,914.62
878860800,319.7,884.57,927.51
879465600,316.71,888.41,928.35
880070400,323.36,926.98,963.09
880675200,321.25,459.1,955.4
881280000,333.89,473.53,983.79
881884800,320.22,454.64,953.39
882489600,320.26,450.53,946.78
883094400,320.29,445.13,936.46
883699200,332.1,463.21,975.04
884304000,312.8,439.51,927.69
884908800,322.07,456.05,961.51
885513600,319.94,455.07,957.59
886118400,326.7,468.79,980.28
886723200,339.39,483.74,1012.46
887328000,343.89,488.76,1020.09
887932800,346.85,494.7,1034.21
888537600,353.39,501.93,1049.34
889142400,355.35,502.79,1055.69
889747200,361.28,508.46,1068.61
890352000,365.51,525.22,1099.16
890956800,367.5,525.18,1095.44
891561600,374.11,538.77,1122.7
892080000,368.95,533.2,1110.67
892771200,377.56,542.87,1122.72
893376000,371.71,535.17,1107.9
893980800,378.12,541.47,1121
894585600,374.61,535.94,1108.14
895190400,368.52,538.45,1108.73
895795200,363.22,539.03,1110.47
896400000,358.15,529.04,1090.82
897004800,359.66,539.78,1113.86
897609600,352.01,534.59,1098.84
898214400,348.72,535.48,1100.65
898819200,357.49,553.09,1133.2
899337600,365.42,559.38,1146.42
900028800,368.86,568.3,1164.33
900633600,374.7,581.34,1186.75
901238400,355.12,558.22,1140.8
901843200,345.76,550.93,1120.67
902448000,340.84,535.28,1089.45
903052800,329.85,522.77,1062.75
903657600,327.18,534.19,1081.24
904262400,299.87,507.67,1027.14
904867200,291.65,477.44,973.89
905472000,300.31,492.99,1009.06
906076800,307.86,495.25,1020.09
906681600,312.51,506.27,1044.75
907286400,299.39,486.49,1002.6
907891200,283.63,483.72,984.39
908496000,310.31,520.95,1056.42
909100800,318.74,527.78,1070.67
909705600,334.05,536.97,1098.67
910310400,351.96,558.87,1141.01
910915200,345.67,554.26,1125.72
911520000,353.57,574.97,1163.55
912124800,359.74,590.82,1192.33
912729600,355.54,580.15,1176.74
913334400,350.85,574.68,1166.46
913939200,354.39,589.84,1188.03
914457600,367.01,608.91,1226.27
915062400,392.31,604.03,1229.23
915753600,391.16,636.02,1275.09
916358400,383.91,616.46,1243.26
916963200,376.25,610.38,1225.19
917568000,376.7,640.44,1279.64
918172800,367.22,617.67,1239.4
918777600,359.95,616.14,1230.13
919382400,358.58,620.29,1239.22
919987200,356.5,618.42,1238.33
920592000,364.96,638.99,1275.47
921196800,364.1,648.27,1294.59
921801600,362.31,650.11,1299.29
922406400,363.06,643.68,1282.8
922924800,366.68,649.92,1293.72
923616000,368.96,681.34,1348.35
924220800,380.28,668.65,1319
924825600,389.9,687.41,1356.85
925430400,394.59,675.65,1335.18
926035200,398.74,681.74,1345
926640000,399.52,673.57,1337.8
927244800,403.01,671.76,1330.29
927849600,395.87,658.66,1301.84
928454400,403.65,672.42,1327.75
929059200,398.83,654.87,1293.64
929664000,407.49,683.47,1342.84
930268800,403.79,671.29,1315.31
930873600,419.82,716.28,1391.22
931478400,421.63,722.88,1403.28
932083200,427.82,733.79,1418.78
932688000,415.37,698.88,1356.94
933292800,407.46,683.29,1328.72
933897600,395.11,674.13,1300.29
934502400,401.35,688.82,1327.68
935107200,401.79,696.59,1336.61
935712000,398,707.97,1348.27
936316800,404.69,713.89,1357.24
936921600,408.47,712.79,1351.66
937526400,403.32,704.96,1335.42
938131200,382.43,672.8,1277.36
938736000,379.03,670.31,1282.81
939340800,385.07,698.45,1336.02
939945600,375.05,651.75,1247.41
940550400,382.85,685.63,1301.65
941155200,399.62,717.03,1362.93
941760000,413.6,718.8,1370.23
942364800,419.45,731.12,1396.06
942969600,432,749.3,1422
943574400,425.65,753.57,1416.62
944179200,432.93,767.48,1433.3
944784000,419.72,763.49,1417.04
945388800,417.11,773.93,1421.03
945907200,437.28,793.16,1458.34
946598400,444.67,792.83,1469.25
947203200,436.74,783.49,1441.47
947808000,448.44,797.52,1465.15
948412800,452.87,779.78,1441.36
949017600,430.19,738.04,1360.16
949622400,445.16,775.51,1424.37
950227200,443.39,752.04,1387.12
950832000,439.08,728.52,1346.09
951436800,446.96,719.78,1333.36
952041600,479.18,765.95,1409.17
952646400,483.97,749.5,1395.07
953251200,486.99,786.74,1464.47
953856000,498.15,832.65,1527.46
954460800,499.69,815.06,1498.58
955065600,491.79,821.52,1516.35
955670400,430.94,731.96,1356.56
956188800,460.85,777.12,1434.54
956880000,481.85,781.42,1452.43
957484800,485.51,769.79,1432.63
958089600,477.77,761.67,1420.96
958694400,469.62,752.95,1406.95
959299200,458.04,736.08,1378.02
959904000,502.22,792.69,1477.26
960508800,495.27,779.7,1456.95
961113600,496.61,788.74,1464.46
961718400,488.82,781.07,1441.48
962323200,481.77,790.25,1454.6
962928000,497.41,803,1478.9
963532800,517.37,815.52,1509.98
964137600,504.23,804.55,1480.19
964742400,482.75,776.18,1419.89
965347200,505.23,795.85,1462.93
965952000,512.7,804.75,1471.84
966556800,523.31,813.64,1491.72
967161600,531.29,823.55,1506.45
967766400,548.6,829.83,1520.77
968371200,544,812.9,1494.5
968976000,541.17,789.77,1465.81
969580800,526.94,774.08,1448.72
970185600,538.81,759.83,1436.51
970790400,512.92,750.97,1408.99
971395200,501.26,729.01,1374.17
9.72e+08,515.44,738.16,1396.93
972604800,503.81,726.18,1379.58
973209600,529.02,751.7,1426.69
973814400,502.03,719.11,1365.98
974419200,504.17,725.09,1367.72
975024000,501.4,711.16,1341.77
975628800,490.52,695.99,1315.23
976233600,527.93,727.06,1369.89
976838400,494.58,689.48,1312.15
977443200,501.32,684.23,1305.95
978048000,516.74,686.45,1320.28
978652800,489.37,681.71,1298.35
979257600,507.83,687.88,1318.55
979862400,504.35,705.23,1342.54
980467200,519.01,709.06,1354.95
981072000,518.29,705.48,1349.47
981676800,519.95,682.35,1314.76
982281600,519.23,675.42,1301.53
982886400,498.26,642.64,1245.86
983491200,499.96,633.89,1234.18
984096000,496.78,633.4,1233.42
984700800,460.07,587.99,1150.53
985305600,457.95,580.71,1139.83
985910400,459.92,591.63,1160.33
986515200,447.44,577.35,1128.43
987033600,474.98,608.25,1183.5
987724800,493.38,643.66,1242.98
988329600,506.86,649.11,1253.05
988934400,517.17,658.74,1266.61
989539200,508.71,645.43,1245.67
990144000,532.02,668.38,1291.96
990748800,533.01,658.29,1277.89
991353600,526.94,649.61,1260.67
991958400,531.61,651.92,1264.96
992563200,509.25,626.63,1214.36
993168000,506.09,636.15,1225.35
993772800,519.12,632.02,1224.38
994377600,503.73,612.95,1190.59
994982400,509.57,626.85,1215.68
995587200,510.37,625.59,1210.85
996192000,511.09,620.16,1205.82
996796800,511.95,623.65,1214.35
997401600,498.54,611.41,1190.16
998006400,495.39,593.87,1161.97
998611200,503.77,606.71,1184.93
999216000,493.79,577.4,1133.58
999820800,470.56,553.89,1085.78
1000080000,467.16,558.58,1092.54
1001030400,404.34,491.7,965.8
1001635200,432.03,533.1,1040.94
1002240000,441.58,549.38,1071.38
1002844800,455.47,560.78,1091.65
1003449600,448.87,553.8,1073.48
1004054400,467.03,567.98,1104.61
1004659200,459.65,559.99,1087.2
1005264000,469.42,577.99,1120.31
1005868800,477.27,588.07,1138.65
1006473600,483.31,593.27,1150.34
1007078400,483.75,584.8,1139.45
1007683200,503.4,591.78,1158.31
1008288000,491.65,572.38,1123.09
1008892800,501.72,586.41,1144.89
1009497600,514.51,591.75,1161.02
1010102400,518.05,598.61,1172.51
1010707200,508.21,584.2,1145.6
1011312000,497.23,575.24,1127.58
1011916800,507.44,575.14,1133.28
1012521600,504.26,569.35,1122.2
1013126400,495.56,557.28,1096.22
1013731200,500.24,559.65,1104.18
1014336000,496.42,554.04,1089.84
1014940800,515.44,576.16,1131.78
1015545600,537.67,589.84,1164.31
1016150400,537.58,591.13,1166.16
1016755200,535.81,580.09,1148.7
1017273600,541.1,577.87,1147.39
1017964800,530.38,564.02,1122.73
1018569600,542.17,553.74,1111.01
1019174400,549.9,559.79,1125.17
1019779200,532.15,532.37,1076.32
1020384000,535.1,530.52,1073.43
1020988800,526.75,523.24,1054.99
1021593600,545.3,553.3,1106.59
1022198400,534.09,539.92,1083.82
1022803200,528.58,529.2,1067.14
1023408000,509.28,507.32,1027.53
1024012800,495.54,501.76,1007.27
1024617600,490.93,489.42,989.14
1025222400,489.5,490.12,989.82
1025827200,478.58,492.66,989.03
1026432000,444.79,458.91,921.39
1027036800,421.51,423.1,847.75
1027641600,416.34,426.93,852.84
1028246400,419.28,434.05,864.24
1028851200,436.42,458.82,908.64
1029456000,449.98,468.44,928.77
1030060800,454.22,474.5,940.86
1030665600,443.42,460.8,916.07
1031270400,441.56,446.67,893.92
1031875200,437.56,444.24,889.81
1032480000,414.6,423.9,845.39
1033084800,411.03,413.22,827.37
1033689600,389.08,403.22,800.58
1034294400,401.11,422.68,835.32
1034899200,422.98,449.02,884.39
1035504000,428.63,455.65,897.65
1036108800,433.06,458.16,900.96
1036713600,423.95,457.39,894.74
1037318400,433.1,463.72,909.83
1037923200,444.78,475.03,930.55
1038528000,448.63,478.85,936.31
1039132800,440.11,464.42,912.23
1039737600,431.03,451.81,889.48
1040342400,434.07,455.46,895.76
1040947200,427.36,443.04,875.4
1041552000,439.34,459.2,908.59
1042156800,443.45,470.41,927.57
1042761600,432.55,457.36,901.78
1043366400,418.08,436.14,861.4
1043971200,416.91,432.57,855.7
1044576000,403.48,418.79,829.69
1045180800,398.42,422.57,834.89
1045785600,409.17,429.87,848.17
1046390400,406.43,425.36,841.15
1046995200,398.36,420.12,828.89
1047600000,397.29,424.07,833.27
1048204800,423.47,456.36,895.79
1048809600,414.14,437.94,863.5
1049414400,416.84,446.69,878.85
1050019200,411.83,440.97,868.3
1050537600,422.65,453.71,893.58
1051228800,428.46,456.2,898.81
1051833600,445.77,471.87,930.08
1052438400,449.74,472.25,933.41
1053043200,452.4,475.72,944.3
1053648000,454.59,469.75,933.22
1054252800,474.54,483.2,963.59
1054857600,484.03,495.67,987.76
1055462400,482.36,497.82,988.61
1056067200,484.33,502.39,995.69
1056672000,482.25,491.61,976.22
1057190400,487.53,496.08,985.7
1057881600,496.73,502.48,998.14
1058486400,493.99,501.5,993.32
1059091200,493.48,502.94,998.68
1059696000,491.59,493.64,980.15
1060300800,483.83,493.8,977.59
1060905600,497.3,498.3,990.67
1061510400,507.78,497.42,993.06
1062115200,518.77,503.36,1008.01
1062720000,523.56,512.49,1021.39
1063324800,520.68,512.3,1018.63
1063929600,532.03,520.62,1036.3
1064534400,508.47,499.61,996.85
1065139200,530.61,515.17,1029.85
1065744000,537.31,518.05,1038.06
1066348800,536,518.12,1039.32
1066953600,532.17,511.25,1028.91
1067558400,548.52,519.98,1050.71
1068163200,559.82,520.7,1053.21
1068768000,557.17,519.01,1050.35
1069372800,548.33,511.77,1035.28
1069977600,567,520.74,1058.2
1070582400,562.29,523.51,1061.5
1071187200,565.84,531.78,1074.14
1071792000,568.08,540.26,1088.66
1072396800,572.5,542.78,1095.89
1073001600,575.91,549.99,1108.48
1073606400,584.71,556.55,1121.86
1074211200,593.76,564.72,1139.83
1074816000,598.85,565.41,1141.55
1075420800,588.06,560.31,1131.13
1076025600,594.41,566.06,1142.76
1076630400,602.32,565.92,1145.81
1077235200,596.59,564.87,1144.11
1077840000,601.51,564.54,1144.94
1078444800,615.92,568.45,1156.86
1079049600,597.6,549.92,1120.57
1079654400,589.58,543.68,1109.78
1080259200,589.14,543.52,1108.06
1080864000,611.75,558.1,1141.81
1081382400,610.44,556.12,1139.32
1082073600,600.62,554.94,1134.61
1082678400,607.81,556.8,1140.6
1083283200,583.29,540.88,1107.3
1083888000,573.28,537.35,1098.7
1084492800,568.25,535.47,1095.7
1085097600,568.17,534.33,1093.56
1085702400,594.7,545.13,1120.68
1086307200,592.29,547.08,1122.5
1086825600,595.34,554.9,1136.47
1087516800,594.88,554.81,1135.02
1088121600,603.76,549.75,1134.43
1088726400,598.81,547.17,1125.38
1089331200,587.87,542.63,1112.81
1089936000,583.87,535.9,1101.39
1090540800,571.35,530.38,1086.2
1091145600,578.9,537.67,1101.72
1091750400,551.51,521.83,1063.97
1092355200,549.51,520.72,1064.8
1092960000,572.96,536.04,1098.35
1093564800,578.93,540.88,1107.77
1094169600,583.81,541.06,1113.63
1094774400,589.05,546.25,1123.92
1095379200,592.1,545.8,1128.55
1095984000,588.5,534.37,1110.11
1096588800,601.79,543.11,1131.5
1097193600,594.16,538.47,1122.14
1097798400,585.26,531.8,1108.2
1098403200,586.73,525.16,1095.74
1099008000,602.22,540.65,1130.2
1099612800,619.98,557.9,1166.17
1100217600,634.28,566.22,1184.17
1100822400,627.23,559.69,1170.34
1101427200,640.43,562.65,1182.65
1102032000,644.83,567.08,1191.17
1102636800,641.3,565.5,1188
1103241600,651.66,567.39,1194.2
1103760000,658.41,576.06,1210.13
1104451200,663.31,575.29,1211.92
1105056000,634.73,566.38,1186.19
1105660800,640.38,564.44,1184.52
1106265600,633.74,557.32,1167.87
1106870400,636.66,560.95,1171.36
1107475200,661.7,575.09,1203.03
1108080000,662.66,577.18,1205.3
1108684800,661.35,575.42,1201.59
1109289600,670.32,578.57,1211.37
1109894400,679.06,583.23,1222.12
1110499200,668.5,573.55,1200.08
1111104000,663.38,567.94,1189.65
1111622400,655.24,557.75,1171.42
1112313600,656.67,557.43,1172.92
1112918400,655.57,562.18,1181.2
1113523200,627.38,547.25,1142.62
1114128000,634.54,551.4,1152.12
1114732800,632.76,552.74,1156.85
1115337600,647.25,558.2,1171.35
1115942400,636.06,550.12,1154.05
1116547200,662.93,565.57,1189.28
1117152000,669.94,568.75,1198.78
1117756800,674.58,565.1,1196.02
1118361600,679.06,566.15,1198.11
1118966400,693.27,572.15,1216.96
1119571200,676.43,559.76,1191.57
1120176000,689.88,558.88,1194.44
1120780800,702.83,566.52,1211.86
1121385600,706.39,575.55,1227.92
1121990400,715.71,574.41,1233.68
1122595200,720.38,572.59,1234.18
1123200000,708.49,570.47,1226.42
1123804800,711.77,570.71,1230.39
1124409600,702.95,566.58,1219.71
1125014400,698.24,558.72,1205.1
1125619200,707.56,563,1218.02
1126224000,720.56,574.13,1241.48
1126828800,715.86,573.37,1237.91
1127433600,700.77,562.28,1215.29
1128038400,716.33,566.8,1228.81
1128643200,692.86,552.92,1195.9
1129248000,681.12,550.49,1186.57
1129852800,682.2,544.5,1179.59
1130457600,689.51,554.48,1198.41
1131062400,714.16,561.97,1220.14
1131667200,719.47,569.01,1234.72
1132272000,728.9,574.69,1248.27
1132876800,742.7,583.24,1268.25
1133481600,745.34,579.61,1265.08
1134086400,744.54,574.63,1259.37
1134691200,742.16,579.08,1267.32
1135296000,748.48,579.41,1268.66
1135900800,738.05,570,1248.29
1136505600,762.78,585.02,1285.45
1137110400,766.73,584.62,1287.61
1137715200,758.61,571.51,1261.49
1138320000,775.27,580.8,1283.72
1138924800,772.55,572.24,1264.03
1139529600,765.47,576.65,1266.99
1140134400,774.61,585.04,1287.24
1140739200,780.65,583.75,1289.43
1141344000,779.87,583.92,1287.23
1141948800,765.2,584.22,1281.42
1142553600,784.59,593.49,1307.25
1143158400,786.29,592.78,1302.95
1143763200,792.11,587.75,1294.87
1144368000,792.04,586.71,1295.5
1144886400,784.3,584.51,1289.12
1145577600,808.31,593.13,1311.28
1146182400,802.69,595.89,1310.61
1146787200,816.69,603.04,1325.76
1147392000,789.75,588.7,1291.24
1147996800,763.25,578.88,1267.03
1148601600,766.44,586.45,1280.16
1149206400,780.03,588.44,1288.22
1149811200,745.36,572.75,1252.3
1150416000,740.24,572.76,1251.54
1151020800,741.19,569.47,1244.5
1151625600,764.87,579.56,1270.2
1152230400,753.38,580.62,1265.48
1152835200,727.64,567.32,1236.2
1153440000,712.86,572.5,1240.29
1154044800,741,590.2,1278.55
1154649600,743.06,589.05,1279.36
1155254400,725.1,585.6,1266.74
1155859200,750.58,601.5,1302.3
1156464000,735.52,599.41,1295.09
1157068800,753.6,605.59,1311.01
1157673600,739.36,600.43,1298.92
1158278400,751.64,608.83,1319.66
1158883200,742.69,609.38,1314.78
1159488000,754.25,620.03,1335.85
1160092800,764.1,627.54,1349.59
1160697600,784.65,633.61,1365.62
1161302400,780.32,636.01,1368.6
1161907200,787.24,640.57,1377.34
1162512000,776.35,635.5,1364.3
1163116800,792.27,643.32,1380.9
1163721600,805.73,652.6,1401.2
1164326400,811.63,650.58,1400.95
1164931200,809.28,648.33,1396.71
1165536000,816.04,652.22,1409.84
1166140800,816.07,663.11,1427.09
1166745600,802.16,656.21,1410.76
1167350400,804.37,660.41,1418.3
1167955200,800.4,657.5,1409.71
1168560000,820.43,665.67,1430.73
1169164800,816.49,665.38,1430.5
1169769600,819.28,660.35,1422.18
1170374400,842.9,669.59,1448.39
1170979200,845.03,663.18,1438.06
1171584000,858.69,668.84,1455.54
1172188800,867.56,664.01,1451.19
1172793600,823.69,635.28,1387.17
1173398400,832.84,642.42,1402.84
1174003200,823.89,633.94,1386.95
1174608000,855.68,655.98,1436.11
1175212800,848.47,649.89,1420.86
1175731200,861.79,659.73,1443.76
1176422400,868.11,665.35,1452.85
1177027200,880.2,680.82,1484.35
1177632000,886.43,684.42,1494.07
1178236800,892.3,690.95,1505.62
1178841600,894.11,690.04,1505.85
1179446400,898.19,699.8,1522.75
1180051200,896.28,697.27,1515.73
1180656000,921.77,704.71,1536.34
1181260800,899.18,693.11,1507.67
1181865600,911.99,704.53,1532.91
1182470400,896.42,690.77,1502.56
1183075200,895.51,692.77,1503.35
1183680000,916.26,704.5,1530.44
1184284800,926.23,717.17,1552.5
1184889600,914.05,709.92,1534.1
1185494400,858.76,679.14,1458.95
1186099200,840.53,667.42,1433.06
1186704000,851.44,675.62,1453.64
1187308800,838.3,674.53,1445.94
1187913600,864.35,689.47,1479.37
1188518400,863,687.47,1473.99
1189123200,853.3,677.74,1453.55
1189728000,862.46,694.38,1484.25
1190332800,881.85,713.35,1525.75
1190937600,885.06,714.49,1526.75
1191542400,913.91,725.83,1557.59
1192147200,912.38,727.77,1561.8
1192752000,879.07,700.31,1500.63
1193356800,895.29,717.18,1535.28
1193961600,886.52,704.95,1509.65
1194566400,861.55,675.68,1453.7
1195171200,852.27,680.61,1458.74
1195776000,834.48,673.71,1440.7
1196380800,860.74,692.03,1481.14
1196985600,885.52,701.18,1504.66
1197590400,855.21,687.38,1467.95
1198195200,869.54,693.57,1484.46
1198800000,863.13,691.31,1478.49
1199404800,817.51,660.73,1411.63
1200009600,796.22,656.03,1401.02
1200614400,756.21,620.43,1325.19
1201219200,771.87,621.53,1330.61
1201824000,823.43,646.3,1395.42
1202428800,794.06,614.55,1331.29
1203033600,795.52,623.85,1349.99
1203638400,801.12,623.21,1353.11
1204243200,788.51,613.62,1330.63
1204848000,760.81,596.79,1293.37
1205452800,761.09,595.5,1288.14
1205971200,769.85,620.38,1329.51
1206662400,772.48,610.31,1315.22
1207267200,815.17,632.84,1370.4
1207872000,799.36,614.59,1332.83
1208476800,834.7,640.6,1390.33
1209081600,843.82,644.85,1397.84
1209686400,850.84,653.47,1413.9
1210291200,853.93,639.2,1388.28
1210896000,883.65,652.15,1425.35
1211500800,858.5,628.79,1375.93
1212105600,881.96,639.15,1400.38
1212710400,873.75,619.26,1360.68
1213315200,865.63,618.86,1360.03
1213920000,854.4,597.13,1317.93
1214524800,823.28,579.62,1278.38
1215043200,786.8,578.13,1262.9
1215734400,787.78,566.81,1239.49
1216339200,800.38,580.57,1260.68
1216944000,795.54,580.53,1257.76
1217548800,801.07,582.09,1260.31
1218153600,813.94,601.05,1296.32
1218758400,821.84,598.88,1298.2
1219363200,814.92,596.7,1292.2
1219968000,815.6,590.83,1282.83
1220572800,785.67,573.49,1242.31
1221177600,788.48,577.71,1251.7
1221782400,805.08,577.91,1255.08
1222387200,753.27,565.12,1213.27
1222992000,661.97,521.38,1099.23
1223596800,549.85,427.45,899.22
1224201600,555.01,448.99,940.55
1224806400,501.53,423.52,876.77
1225411200,568.49,464.19,968.75
1226016000,539.49,445.94,930.99
1226620800,497.52,421.34,873.29
1227225600,441.51,389.88,800.03
1227830400,514.56,432.89,896.24
1228435200,498.12,424.48,876.07
1229040000,507.52,425.22,879.73
1229644800,523.39,424.18,887.88
1230249600,514.9,418.71,872.8
1230854400,551.34,444.52,931.8
1231459200,530.51,421.62,890.35
1232064000,516.75,400.96,850.12
1232668800,501.4,394.44,831.95
1233273600,498.68,391.28,825.88
1233878400,530.58,409.43,868.6
1234483200,505.52,389.4,826.84
1235088000,466.62,363.75,770.05
1235692800,449.44,348.21,735.09
1236297600,408.13,325.12,683.38
1236902400,456.71,359.58,756.55
1237507200,464.38,363.4,768.54
1238112000,498.83,385.48,815.94
1238716800,524.51,395.85,842.5
1239235200,536.43,402.07,856.56
1239926400,550.2,406.33,869.6
1240531200,550.32,402.46,866.23
1241136000,558.87,408.48,877.52
1241740800,586.91,431.29,929.23
1242345600,545.72,414.23,882.88
1242950400,551.28,414.48,887
1243555200,575.52,427.56,919.14
1244160000,596.1,437.17,940.09
1244764800,597.02,440.3,946.21
1245369600,577.98,430.43,921.23
1245974400,576.73,428.87,918.9
1246492800,565.03,420.1,896.42
1247184000,547.08,412.29,879.13
1247788800,589,441.14,940.38
1248393600,621.7,456.41,979.26
1248998400,628.05,460.26,987.48
1249603200,655.1,468.07,1010.48
1250208000,645.99,466.22,1004.09
1250812800,659.6,476.11,1026.13
1251417600,663.15,477.75,1028.93
1252022400,653.35,472.17,1016.4
1252627200,679.41,482.3,1042.73
1253232000,701.53,492.7,1068.3
1253836800,678.31,484.11,1044.38
1254441600,663.43,475.48,1025.21
1255046400,702.19,495.15,1071.49
1255651200,707.87,502.89,1087.68
1256256000,701.33,500,1079.6
1256860800,659.15,482.31,1036.19
1257465600,681.35,496.19,1069.3
1258070400,698.26,508.08,1093.48
1258675200,687.54,508.79,1091.38
1259280000,683.79,508.98,1091.49
1259884800,702.14,513.89,1105.98
1260489600,705.94,513.66,1106.41
1261094400,714.89,508.73,1102.47
1261612800,739.71,518.16,1126.48
1262217600,726.67,514.09,1115.1
1262908800,752.08,527.76,1144.98
1263513600,743.11,524.11,1136.03
1264118400,721.64,502.35,1091.76
1264723200,702.8,495.09,1073.87
1265328000,697.09,491.34,1066.19
1265932800,715.96,494.9,1075.51
1266537600,740.16,508.57,1109.17
1267142400,738.36,506.06,1104.49
1267747200,770.47,520.45,1138.7
1268352000,783.88,525.52,1149.99
1268956800,785.13,530.53,1159.9
1269561600,787.02,534.81,1166.59
1270080000,797.29,538.4,1178.1
1270771200,814.48,545.46,1194.37
1271376000,820.62,544.68,1192.13
1271980800,849.82,552.66,1217.28
1272585600,823.06,540.28,1186.69
1273190400,756.64,506.75,1110.88
1273795200,789.31,516.19,1135.68
1274400000,749.97,494.31,1087.69
1275004800,762.76,493.06,1089.41
1275609600,736.27,483.42,1064.88
1276214400,758.57,493.02,1091.6
1276819200,774.27,504.7,1117.51
1277424000,745.27,486.62,1076.76
1278028800,702.29,463.84,1022.58
1278633600,739.89,488.78,1077.96
1279238400,726.96,484.21,1064.88
1279843200,763.51,499.83,1102.66
1280448000,760.27,500.56,1101.6
1281052800,771.93,509.46,1121.64
1281657600,734.59,490.59,1079.25
1282262400,736.52,485.86,1071.69
1282867200,734.3,481.95,1064.59
1283472000,766.52,498.96,1104.51
1284076800,763.79,502.26,1109.55
1284681600,780.82,509.04,1125.59
1285286400,796.29,519.34,1148.67
1285891200,803.9,517.22,1146.24
1286496000,811.37,526.27,1165.15
1287100800,819.76,530.78,1176.19
1287705600,824.91,534.19,1183.08
1288310400,829.13,533.08,1183.26
1288915200,861.09,552.7,1225.85
1289520000,843.87,540.22,1199.21
1290124800,850.33,539.99,1199.73
1290729600,859.43,533.59,1189.4
1291334400,886.74,548.82,1224.71
1291939200,899.04,557.27,1240.4
1292544000,902.64,559.49,1243.91
1293062400,910.79,565.43,1256.77
1293753600,907.25,565.9,1257.64
1294358400,910.53,573.38,1271.5
1294963200,931.07,582.32,1293.24
1295568000,914.36,579.55,1283.35
1296172800,917.72,575.64,1276.34
1296777600,944.95,589.69,1310.87
1297382400,969.5,596.6,1329.15
1297987200,982.17,602.49,1343.01
1298592000,964.21,592.25,1319.88
1299196800,968.55,592.54,1321.15
1299801600,952.94,585.34,1304.28
1300406400,942.69,572.93,1279.21
1301011200,970.43,587.89,1313.8
1301616000,996.43,595.02,1332.41
1302220800,987.62,594.43,1328.17
1302825600,982.57,588.56,1319.68
1303344000,995.16,595.8,1337.38
1304035200,1015.26,608.33,1363.61
1304640000,988.9,597.32,1340.2
1305244800,993.92,594.2,1337.77
1305849600,986.83,591.35,1333.27
1306454400,990.19,590.43,1331.1
1307059200,961.25,578.5,1300.16
1307664000,931.94,566.53,1270.98
1308268800,932.75,567.04,1271.5
1308873600,946,563.62,1268.45
1309478400,995.05,595.25,1339.67
1310083200,1004.98,598.03,1343.8
1310688000,976.11,587.72,1316.14
1311292800,991.79,602.51,1345.02
1311897600,943.42,579.72,1292.28
1312502400,844.78,542.48,1199.38
1313107200,843.08,531.37,1178.81
1313712000,787.86,509.01,1123.53
1314316800,835.92,531.51,1176.8
1314921600,832.99,528.88,1173.97
1315526400,823.36,519.54,1154.23
1316131200,866.09,546.43,1216.01
1316736000,794.43,512.53,1136.43
1317340800,781.26,513.37,1131.42
1317945600,799.18,523.36,1155.46
1318550400,855.84,554.6,1224.58
1319155200,861.26,558.47,1238.25
1319760000,910.64,577.38,1285.09
1320364800,899.46,561.97,1253.23
1320969600,892.06,567.79,1263.85
1321574400,861.04,547.8,1215.65
1322179200,812.43,522.27,1158.67
1322784000,881.1,561.85,1244.28
1323388800,885.38,568.17,1255.19
1323993600,855.67,553.61,1219.66
1324598400,884.91,574,1265.33
1325203200,879.16,570.79,1257.6
1325808000,891.49,580.53,1277.81
1326412800,906.59,584.28,1289.09
1327017600,930.62,595.95,1315.38
1327622400,942.11,595.37,1316.33
1328227200,971.25,606.89,1344.9
1328832000,964.48,607.12,1342.64
1329436800,984.6,615.06,1361.23
1330041600,985.36,617.67,1365.74
1330646400,977.05,621.72,1369.63
1331251200,984.81,621.3,1370.87
1331856000,1000.73,637.85,1404.17
1332460800,990.93,635.57,1397.11
1333065600,994.3,640.68,1408.47
1333584000,984.28,635.84,1398.08
1334275200,964.41,622.64,1370.26
1334880000,976.35,626.1,1378.53
1335484800,999.4,637.99,1403.36
1336089600,965.3,622.73,1369.1
1336694400,964.52,615.34,1353.39
1337299200,905.28,591.61,1295.22
1337904000,934.56,599.18,1317.82
1338508800,896.17,583.83,1278.04
1339113600,925.98,605.62,1325.66
1339718400,920.26,614.84,1342.84
1340323200,916.14,611.73,1335.02
1340928000,941.64,623.82,1362.16
1341532800,947.27,620.2,1354.68
1342137600,942.57,622.83,1356.78
1342742400,939.71,626.57,1362.66
1343347200,949.15,637.17,1385.97
1343952000,944.68,640.64,1390.99
1344556800,961.96,646.22,1405.87
1345161600,977.85,651.58,1418.16
1345766400,970.16,649.04,1411.13
1346371200,971.55,646.41,1406.58
1346976000,1004.6,660.41,1437.92
1347580800,1026.85,672.82,1465.77
1348185600,1006.04,672.27,1460.15
1348790400,989.02,663.8,1440.67
1349395200,996.36,672.57,1460.93
1.35e+09,975.61,656.89,1428.59
1350604800,987.4,657.11,1433.19
1351209600,974.74,646.78,1411.94
1351814400,987.8,646.88,1414.2
1352419200,969.82,630.03,1379.85
1353024000,952.93,619.03,1359.88
1353628800,989.89,643.05,1409.15
1354233600,1000.15,646.39,1416.18
1354838400,1002.71,645.82,1418.07
1355443200,1001.53,642.42,1413.58
1356048000,1022.36,648.96,1430.15
1356652800,1004.33,636.17,1402.43
1357257600,1056.07,664.69,1466.47
1357862400,1057.91,667.88,1472.05
1358467200,1073.93,671.37,1485.98
1359072000,1096.7,677.15,1502.96
1359676800,1101.59,681.74,1513.17
1360281600,1109.09,683.04,1517.93
1360886400,1115.75,683.97,1519.79
1361491200,1103.7,683.62,1515.6
1362096000,1098.15,683.65,1518.2
1362700800,1131.25,698.27,1551.18
1363305600,1141.83,701.75,1560.7
1363910400,1139.67,700.57,1556.89
1364428800,1153.68,704.57,1569.19
1365120000,1123.97,699.49,1553.28
1365724800,1149.23,715.38,1588.85
1366329600,1121.3,700.82,1555.25
1366934400,1141.2,712.4,1582.24
1367539200,1165.07,725.65,1614.42
1368144000,1189.93,732.85,1633.7
1368748800,1211.54,747.72,1667.47
1369353600,1188.07,742.42,1649.6
1369958400,1184.32,733.63,1630.74
1370563200,1181.26,740.6,1643.38
1371168000,1172.13,732.1,1626.73
1371772800,1137.19,717.58,1592.43
1372377600,1160.82,720.62,1606.28
1372982400,1186.11,732.91,1631.89
1373587200,1221.24,752.94,1680.19
1374192000,1234.25,757.51,1692.09
1374796800,1228.27,759.16,1691.65
1375401600,1253.76,765.7,1709.67
1376006400,1237.7,756.27,1691.42
1376611200,1205.7,742.38,1655.83
1377216000,1217.43,744.04,1663.5
1377820800,1183.87,730.92,1632.97
1378425600,1198.69,739.53,1655.17
1379030400,1229.4,754.07,1687.99
1379635200,1245.4,763.23,1709.91
1380240000,1244.18,753.51,1691.75
1380844800,1255.44,750.81,1690.5
1381449600,1261.2,757.73,1703.2
1382054400,1290.59,776.21,1744.5
1382659200,1295.1,783.33,1759.77
1383264000,1290.71,785.61,1761.64
1383868800,1285.86,791.03,1770.61
1384473600,1311.77,802.1,1798.18
1385078400,1308.81,804.95,1804.76
1385683200,1304.18,806.36,1805.81
1386288000,1309.68,805.75,1805.09
1386892800,1289.42,791.56,1775.32
1387497600,1318.85,809.74,1818.32
1388102400,1336.3,821.25,1841.4
1388707200,1333.78,816.47,1831.37
1389312000,1349.09,817.95,1842.37
1389916800,1347.81,817.33,1838.7
1390521600,1314.07,796.28,1790.29
1391126400,1313.08,789.7,1782.59
1391731200,1308.38,795.29,1797.02
1392336000,1346.86,812.57,1838.63
1392940800,1356.56,807.33,1836.25
1393545600,1375.33,818.24,1859.45
1394150400,1388.95,826.7,1878.04
1394755200,1364.1,809.95,1841.13
1395360000,1379.87,823.69,1866.52
1395964800,1358.2,822.4,1857.62
1396569600,1367.11,824.58,1865.09
1397174400,1318.5,804.9,1815.69
1397692800,1351.42,825.68,1864.85
1398384000,1347.22,825.56,1863.4
1398988800,1361.57,833.86,1881.14
1399593600,1353.79,832.96,1878.48
1400198400,1352.53,832.32,1877.86
1400803200,1369.66,842.59,1900.53
1401408000,1377.98,852.69,1923.57
